职位名称,发布时间,职位链接,数据来源
Webflow: Enterprise Account Executive - West,"Mon, 02 Feb 2026 15:10:52 +0000",https://weworkremotely.com/remote-jobs/webflow-enterprise-account-executive-west,https://weworkremotely.com/categories/remote-programming-jobs.rss
Dealer eProcess: Regional Sales Executive (Account Manager),"Mon, 02 Feb 2026 15:09:46 +0000",https://weworkremotely.com/remote-jobs/dealer-eprocess-regional-sales-executive-account-manager-1,https://weworkremotely.com/categories/remote-programming-jobs.rss
NuTechs: FPGA Development Engineer,"Mon, 02 Feb 2026 15:09:46 +0000",https://weworkremotely.com/remote-jobs/nutechs-fpga-development-engineer,https://weworkremotely.com/categories/remote-programming-jobs.rss
ALIQAN Technologies: Commerce Tools + Node JS + Cloud,"Mon, 02 Feb 2026 15:09:46 +0000",https://weworkremotely.com/remote-jobs/aliqan-technologies-commerce-tools-node-js-cloud,https://weworkremotely.com/categories/remote-programming-jobs.rss
Eran Group: Senior Back-End Web Developer,"Mon, 02 Feb 2026 15:09:46 +0000",https://weworkremotely.com/remote-jobs/eran-group-senior-back-end-web-developer,https://weworkremotely.com/categories/remote-programming-jobs.rss
"ServiceTitan: Manager, Web Development","Fri, 30 Jan 2026 18:50:50 +0000",https://weworkremotely.com/remote-jobs/servicetitan-manager-web-development,https://weworkremotely.com/categories/remote-programming-jobs.rss
Codekeeper: Full Stack Developer (Javascript),"Fri, 30 Jan 2026 18:50:50 +0000",https://weworkremotely.com/remote-jobs/codekeeper-full-stack-developer-javascript,https://weworkremotely.com/categories/remote-programming-jobs.rss
Anexia Internetdienstleistungs: Ai/Ml Engineer – LLM Systems (M/W/D),"Fri, 30 Jan 2026 18:49:12 +0000",https://weworkremotely.com/remote-jobs/anexia-internetdienstleistungs-ai-ml-engineer-llm-systems-m-w-d,https://weworkremotely.com/categories/remote-programming-jobs.rss
Anexia Internetdienstleistungs: Data Engineer (M/W/D),"Fri, 30 Jan 2026 18:49:12 +0000",https://weworkremotely.com/remote-jobs/anexia-internetdienstleistungs-data-engineer-m-w-d,https://weworkremotely.com/categories/remote-programming-jobs.rss
JetBrains: JetBrains Web Developer Advocate (Developer Advocacy),"Fri, 30 Jan 2026 18:49:12 +0000",https://weworkremotely.com/remote-jobs/jetbrains-jetbrains-web-developer-advocate-developer-advocacy,https://weworkremotely.com/categories/remote-programming-jobs.rss
WALTER: Senior Software Engineer,"Thu, 29 Jan 2026 21:06:16 +0000",https://weworkremotely.com/remote-jobs/walter-senior-software-engineer,https://weworkremotely.com/categories/remote-programming-jobs.rss
Madeo: Web Developer (Contract),"Thu, 29 Jan 2026 20:32:53 +0000",https://weworkremotely.com/remote-jobs/madeo-web-developer-contract,https://weworkremotely.com/categories/remote-programming-jobs.rss
SlideSpeak: AI Software Engineer,"Thu, 29 Jan 2026 12:53:34 +0000",https://weworkremotely.com/remote-jobs/slidespeak-ai-software-engineer,https://weworkremotely.com/categories/remote-programming-jobs.rss
Mindrift: Freelance Senior Python Developer / Functional Test Frameworks,"Tue, 27 Jan 2026 10:54:50 +0000",https://weworkremotely.com/remote-jobs/mindrift-freelance-senior-python-developer-functional-test-frameworks,https://weworkremotely.com/categories/remote-programming-jobs.rss
"Clerk: Senior Software Engineer, Growth","Mon, 26 Jan 2026 17:52:43 +0000",https://weworkremotely.com/remote-jobs/clerk-senior-software-engineer-growth,https://weworkremotely.com/categories/remote-programming-jobs.rss
Hex Technologies: Web Designer,"Mon, 26 Jan 2026 17:39:38 +0000",https://weworkremotely.com/remote-jobs/hex-technologies-web-designer,https://weworkremotely.com/categories/remote-programming-jobs.rss
Activate Talent: Head of Web Dev,"Mon, 26 Jan 2026 17:39:38 +0000",https://weworkremotely.com/remote-jobs/activate-talent-head-of-web-dev,https://weworkremotely.com/categories/remote-programming-jobs.rss
Jobgether: Marketing Web Developer,"Mon, 26 Jan 2026 17:39:38 +0000",https://weworkremotely.com/remote-jobs/jobgether-marketing-web-developer,https://weworkremotely.com/categories/remote-programming-jobs.rss
QinetiQ US: Full Stack Developer,"Mon, 26 Jan 2026 17:39:37 +0000",https://weworkremotely.com/remote-jobs/qinetiq-us-full-stack-developer,https://weworkremotely.com/categories/remote-programming-jobs.rss
WeVote: Product Marketing Lead,"Mon, 26 Jan 2026 17:39:37 +0000",https://weworkremotely.com/remote-jobs/wevote-product-marketing-lead,https://weworkremotely.com/categories/remote-programming-jobs.rss
Details: Senior Web Application Developer,"Mon, 26 Jan 2026 17:39:37 +0000",https://weworkremotely.com/remote-jobs/details-senior-web-application-developer,https://weworkremotely.com/categories/remote-programming-jobs.rss
"comparis.ch: Experienced Full-Stack Software Engineer (.NET/React), 80–100% (f/m/x), fully remote","Tue, 25 Nov 2025 15:18:39 +0000",https://weworkremotely.com/remote-jobs/comparis-ch-experienced-full-stack-software-engineer-net-react-80-100-f-m-x-fully-remote,https://weworkremotely.com/categories/remote-programming-jobs.rss
OnTheGoSystems: Senior Ruby on Rails Developer,"Fri, 23 Jan 2026 16:59:49 +0000",https://weworkremotely.com/remote-jobs/onthegosystems-senior-ruby-on-rails-developer,https://weworkremotely.com/categories/remote-programming-jobs.rss
